[
  {
    "captions": "marble wood complex lobby large circular high dark",
    "location": "../Irs_Database_test/marble_wood_complex_lobby_large_circular_high_dark_3.wav",
    "duration": 1.0
  },
  {
    "captions": "high wood cut-stone church arch large",
    "location": "../Irs_Database_test/high_wood_cut-stone_church_arch_large_4.wav",
    "duration": 10.3
  },
  {
    "captions": "outside trees grass rock forest small",
    "location": "../Irs_Database_test/outside_trees_grass_rock_forest_small_1.wav",
    "duration": 1.4
  },
  {
    "captions": "amphitheater auditorium muffled canvas large",
    "location": "../Irs_Database_test/amphitheater_auditorium_muffled_canvas_large_5.wav",
    "duration": 1.4
  },
  {
    "captions": "high wood cut-stone church arch large",
    "location": "../Irs_Database_test/high_wood_cut-stone_church_arch_large_1.wav",
    "duration": 3.8
  },
  {
    "captions": "outside tunnel arch stone bricks concrete",
    "location": "../Irs_Database_test/outside_tunnel_arch_stone_bricks_concrete_4.wav",
    "duration": 4.5
  },
  {
    "captions": "studio recording-booth carpet muffled small dry",
    "location": "../Irs_Database_test/studio_recording-booth_carpet_muffled_small_dry_2.wav",
    "duration": 0.4
  },
  {
    "captions": "outside trees forest small snow muffled",
    "location": "../Irs_Database_test/outside_trees_forest_small_snow_muffled_6.wav",
    "duration": 5.0
  },
  {
    "captions": "stone rock dirt cave tunnel small narrow",
    "location": "../Irs_Database_test/stone_rock_dirt_cave_tunnel_small_narrow.wav",
    "duration": 3.6
  },
  {
    "captions": "movie-theater studio muffled large canvas",
    "location": "../Irs_Database_test/movie-theater_studio_muffled_large_canvas_3.wav",
    "duration": 0.7
  },
  {
    "captions": "outside mountain valley grass hill small",
    "location": "../Irs_Database_test/outside_mountain_valley_grass_hill_small.wav",
    "duration": 0.4
  },
  {
    "captions": "concrete dark work-room very-reverberant very-large very-high nuclear-reactor factory",
    "location": "../Irs_Database_test/concrete_dark_work-room_very-reverberant_very-large_very-high_nuclear-reactor_factory_1.wav",
    "duration": 5.7
  },
  {
    "captions": "high wood cut-stone church studio steeple large",
    "location": "../Irs_Database_test/high_wood_cut-stone_church_studio_steeple_large_4.wav",
    "duration": 1.6
  },
  {
    "captions": "high wood church reverberant large bright",
    "location": "../Irs_Database_test/high_wood_church_reverberant_large_bright_2.wav",
    "duration": 2.7
  },
  {
    "captions": "outside trees forest small snow muffled",
    "location": "../Irs_Database_test/outside_trees_forest_small_snow_muffled_7.wav",
    "duration": 5.0
  },
  {
    "captions": "outside tunnel arch stone bricks concrete",
    "location": "../Irs_Database_test/outside_tunnel_arch_stone_bricks_concrete_2.wav",
    "duration": 3.8
  },
  {
    "captions": "studio recording-booth carpet muffled small dry",
    "location": "../Irs_Database_test/studio_recording-booth_carpet_muffled_small_dry_3.wav",
    "duration": 0.4
  },
  {
    "captions": "outside park courtyard grass large",
    "location": "../Irs_Database_test/outside_park_courtyard_grass_large_1.wav",
    "duration": 3.6
  },
  {
    "captions": "concrete dome reverberant circular",
    "location": "../Irs_Database_test/concrete_dome_reverberant_circular_2.wav",
    "duration": 1.8
  },
  {
    "captions": "marble wood complex lobby large circular high dark",
    "location": "../Irs_Database_test/marble_wood_complex_lobby_large_circular_high_dark_1.wav",
    "duration": 1.0
  },
  {
    "captions": "high cut-stone glass church chapel reverberant large",
    "location": "../Irs_Database_test/high_cut-stone_glass_church_chapel_reverberant_large_1.wav",
    "duration": 2.3
  },
  {
    "captions": "marble wood complex lobby large circular high dark",
    "location": "../Irs_Database_test/marble_wood_complex_lobby_large_circular_high_dark.wav",
    "duration": 1.0
  },
  {
    "captions": "high stone mausoleum reverberant circular",
    "location": "../Irs_Database_test/high_stone_mausoleum_reverberant_circular.wav",
    "duration": 15.0
  },
  {
    "captions": "outside trees grass rock forest small",
    "location": "../Irs_Database_test/outside_trees_grass_rock_forest_small_4.wav",
    "duration": 1.2
  },
  {
    "captions": "outside park courtyard grass large",
    "location": "../Irs_Database_test/outside_park_courtyard_grass_large.wav",
    "duration": 3.45
  },
  {
    "captions": "lobby building dark large muffled",
    "location": "../Irs_Database_test/lobby_building_dark_large_muffled_2.wav",
    "duration": 3.89
  },
  {
    "captions": "stone tunnel small narrow concrete",
    "location": "../Irs_Database_test/stone_tunnel_small_narrow_concrete.wav",
    "duration": 0.6
  },
  {
    "captions": "high wood church reverberant large bright",
    "location": "../Irs_Database_test/high_wood_church_reverberant_large_bright_1.wav",
    "duration": 2.8
  },
  {
    "captions": "outside mountain valley echo",
    "location": "../Irs_Database_test/outside_mountain_valley_echo.wav",
    "duration": 5.0
  },
  {
    "captions": "stone dirt tunnel arch cave dark",
    "location": "../Irs_Database_test/stone_dirt_tunnel_arch_cave_dark.wav",
    "duration": 1.1
  },
  {
    "captions": "outside echo large forest",
    "location": "../Irs_Database_test/outside_echo_large_forest_1.wav",
    "duration": 1.36
  },
  {
    "captions": "cut-stone marble large floor bright",
    "location": "../Irs_Database_test/cut-stone_marble_large_floor_bright.wav",
    "duration": 2.1
  },
  {
    "captions": "outside mountain valley grass hill small",
    "location": "../Irs_Database_test/outside_mountain_valley_grass_hill_small_1.wav",
    "duration": 0.6
  },
  {
    "captions": "concrete dome reverberant circular",
    "location": "../Irs_Database_test/concrete_dome_reverberant_circular_3.wav",
    "duration": 1.7
  },
  {
    "captions": "studio recording-booth carpet muffled small dry",
    "location": "../Irs_Database_test/studio_recording-booth_carpet_muffled_small_dry_6.wav",
    "duration": 0.4
  },
  {
    "captions": "outside large lake forest",
    "location": "../Irs_Database_test/outside_large_lake_forest_1.wav",
    "duration": 2.3
  },
  {
    "captions": "stone tunnel small narrow concrete",
    "location": "../Irs_Database_test/stone_tunnel_small_narrow_concrete_4.wav",
    "duration": 0.5
  },
  {
    "captions": "outside trees forest small snow muffled",
    "location": "../Irs_Database_test/outside_trees_forest_small_snow_muffled_1.wav",
    "duration": 2.9
  },
  {
    "captions": "movie-theater studio muffled large canvas",
    "location": "../Irs_Database_test/movie-theater_studio_muffled_large_canvas_1.wav",
    "duration": 0.9
  },
  {
    "captions": "movie-theater studio muffled large canvas",
    "location": "../Irs_Database_test/movie-theater_studio_muffled_large_canvas_2.wav",
    "duration": 0.8
  },
  {
    "captions": "outside trees forest small snow muffled",
    "location": "../Irs_Database_test/outside_trees_forest_small_snow_muffled_3.wav",
    "duration": 2.3
  },
  {
    "captions": "outside echo large forest",
    "location": "../Irs_Database_test/outside_echo_large_forest_3.wav",
    "duration": 1.0
  },
  {
    "captions": "movie-set studio large dark",
    "location": "../Irs_Database_test/movie-set_studio_large_dark.wav",
    "duration": 1.2
  },
  {
    "captions": "concrete dark work-room very-reverberant very-large very-high nuclear-reactor factory",
    "location": "../Irs_Database_test/concrete_dark_work-room_very-reverberant_very-large_very-high_nuclear-reactor_factory.wav",
    "duration": 5.7
  },
  {
    "captions": "church steeple reverberant large high bricks",
    "location": "../Irs_Database_test/church_steeple_reverberant_large_high_bricks.wav",
    "duration": 2.8
  },
  {
    "captions": "outside trees grass rock forest small",
    "location": "../Irs_Database_test/outside_trees_grass_rock_forest_small.wav",
    "duration": 1.1
  },
  {
    "captions": "outside trees forest small snow muffled",
    "location": "../Irs_Database_test/outside_trees_forest_small_snow_muffled_2.wav",
    "duration": 0.8
  },
  {
    "captions": "outside trees forest small snow muffled",
    "location": "../Irs_Database_test/outside_trees_forest_small_snow_muffled_5.wav",
    "duration": 1.2
  },
  {
    "captions": "high wood cut-stone church studio steeple large",
    "location": "../Irs_Database_test/high_wood_cut-stone_church_studio_steeple_large_1.wav",
    "duration": 1.6
  },
  {
    "captions": "wood leather courtroom reverberant large circular",
    "location": "../Irs_Database_test/wood_leather_courtroom_reverberant_large_circular_5.wav",
    "duration": 1.0
  },
  {
    "captions": "high wood cut-stone church arch large",
    "location": "../Irs_Database_test/high_wood_cut-stone_church_arch_large_3.wav",
    "duration": 2.3
  },
  {
    "captions": "stone tunnel small narrow concrete",
    "location": "../Irs_Database_test/stone_tunnel_small_narrow_concrete_2.wav",
    "duration": 0.4
  },
  {
    "captions": "outside echo large forest",
    "location": "../Irs_Database_test/outside_echo_large_forest.wav",
    "duration": 1.0
  },
  {
    "captions": "outside road trees rocks passage",
    "location": "../Irs_Database_test/outside_road_trees_rocks_passage.wav",
    "duration": 5.0
  },
  {
    "captions": "high wood cut-stone church arch large",
    "location": "../Irs_Database_test/high_wood_cut-stone_church_arch_large.wav",
    "duration": 2.0
  },
  {
    "captions": "outside mountain valley rock grass hill small cliff gorge",
    "location": "../Irs_Database_test/outside_mountain_valley_rock_grass_hill_small_cliff_gorge.wav",
    "duration": 0.5
  },
  {
    "captions": "brick concrete wood auditorium amphitheater stage large very-high",
    "location": "../Irs_Database_test/brick_concrete_wood_auditorium_amphitheater_stage_large_very-high_2.wav",
    "duration": 1.7
  },
  {
    "captions": "movie-set studio large dark",
    "location": "../Irs_Database_test/movie-set_studio_large_dark_3.wav",
    "duration": 1.2
  },
  {
    "captions": "studio recording-booth carpet muffled small dry",
    "location": "../Irs_Database_test/studio_recording-booth_carpet_muffled_small_dry_4.wav",
    "duration": 0.4
  },
  {
    "captions": "stone tunnel small narrow concrete",
    "location": "../Irs_Database_test/stone_tunnel_small_narrow_concrete_3.wav",
    "duration": 0.5
  },
  {
    "captions": "high stone library church reverberant large dark",
    "location": "../Irs_Database_test/high_stone_library_church_reverberant_large_dark_2.wav",
    "duration": 1.2
  },
  {
    "captions": "mound stone brick cave reverberant large",
    "location": "../Irs_Database_test/mound_stone_brick_cave_reverberant_large.wav",
    "duration": 0.6
  },
  {
    "captions": "stone rock cave tunnel small narrow high",
    "location": "../Irs_Database_test/stone_rock_cave_tunnel_small_narrow_high_1.wav",
    "duration": 1.8
  },
  {
    "captions": "amphitheater auditorium muffled canvas large",
    "location": "../Irs_Database_test/amphitheater_auditorium_muffled_canvas_large_2.wav",
    "duration": 1.4
  },
  {
    "captions": "church steeple reverberant large bricks",
    "location": "../Irs_Database_test/church_steeple_reverberant_large_bricks.wav",
    "duration": 3.3
  },
  {
    "captions": "high stone wood brick church large",
    "location": "../Irs_Database_test/high_stone_wood_brick_church_large.wav",
    "duration": 1.2
  },
  {
    "captions": "amphitheater auditorium muffled canvas large",
    "location": "../Irs_Database_test/amphitheater_auditorium_muffled_canvas_large_1.wav",
    "duration": 1.4
  },
  {
    "captions": "bricks concrete very-reverberant very-large warehouse shed",
    "location": "../Irs_Database_test/bricks_concrete_very-reverberant_very-large_warehouse_shed.wav",
    "duration": 7.14
  },
  {
    "captions": "wood leather courtroom reverberant large circular",
    "location": "../Irs_Database_test/wood_leather_courtroom_reverberant_large_circular.wav",
    "duration": 1.2
  },
  {
    "captions": "high cut-stone glass church chapel reverberant large",
    "location": "../Irs_Database_test/high_cut-stone_glass_church_chapel_reverberant_large.wav",
    "duration": 2.5
  },
  {
    "captions": "lobby building dark large muffled",
    "location": "../Irs_Database_test/lobby_building_dark_large_muffled_4.wav",
    "duration": 3.89
  },
  {
    "captions": "outside trees grass rock forest small",
    "location": "../Irs_Database_test/outside_trees_grass_rock_forest_small_3.wav",
    "duration": 1.2
  },
  {
    "captions": "outside park courtyard grass large echo",
    "location": "../Irs_Database_test/outside_park_courtyard_grass_large_echo_2.wav",
    "duration": 3.02
  },
  {
    "captions": "wood leather courtroom reverberant large circular",
    "location": "../Irs_Database_test/wood_leather_courtroom_reverberant_large_circular_2.wav",
    "duration": 1.0
  },
  {
    "captions": "high stone library church reverberant large dark",
    "location": "../Irs_Database_test/high_stone_library_church_reverberant_large_dark.wav",
    "duration": 2.0
  },
  {
    "captions": "brick concrete wood auditorium amphitheater stage large very-high",
    "location": "../Irs_Database_test/brick_concrete_wood_auditorium_amphitheater_stage_large_very-high_3.wav",
    "duration": 1.7
  },
  {
    "captions": "high wood cut-stone church arch large",
    "location": "../Irs_Database_test/high_wood_cut-stone_church_arch_large_2.wav",
    "duration": 2.5
  },
  {
    "captions": "wood leather courtroom reverberant large circular",
    "location": "../Irs_Database_test/wood_leather_courtroom_reverberant_large_circular_1.wav",
    "duration": 1.0
  },
  {
    "captions": "high wood cut-stone church studio steeple large",
    "location": "../Irs_Database_test/high_wood_cut-stone_church_studio_steeple_large_5.wav",
    "duration": 1.6
  },
  {
    "captions": "cut-stone small marble court-room floor bright",
    "location": "../Irs_Database_test/cut-stone_small_marble_court-room_floor_bright.wav",
    "duration": 1.2
  },
  {
    "captions": "stone tunnel small narrow concrete",
    "location": "../Irs_Database_test/stone_tunnel_small_narrow_concrete_1.wav",
    "duration": 0.4
  },
  {
    "captions": "studio recording-booth carpet muffled small dry",
    "location": "../Irs_Database_test/studio_recording-booth_carpet_muffled_small_dry.wav",
    "duration": 0.4
  },
  {
    "captions": "stone dirt tunnel arch cave dark",
    "location": "../Irs_Database_test/stone_dirt_tunnel_arch_cave_dark_3.wav",
    "duration": 2.0
  },
  {
    "captions": "brick concrete wood auditorium amphitheater stage large very-high",
    "location": "../Irs_Database_test/brick_concrete_wood_auditorium_amphitheater_stage_large_very-high_4.wav",
    "duration": 1.8
  },
  {
    "captions": "stone rock dirt cave tunnel small narrow",
    "location": "../Irs_Database_test/stone_rock_dirt_cave_tunnel_small_narrow_1.wav",
    "duration": 3.7
  },
  {
    "captions": "high stone library church reverberant large dark",
    "location": "../Irs_Database_test/high_stone_library_church_reverberant_large_dark_1.wav",
    "duration": 1.1
  },
  {
    "captions": "high wood church reverberant large bright",
    "location": "../Irs_Database_test/high_wood_church_reverberant_large_bright.wav",
    "duration": 2.7
  },
  {
    "captions": "gymnasium high concrete floor large reverberant",
    "location": "../Irs_Database_test/gymnasium_high_concrete_floor_large_reverberant.wav",
    "duration": 9.8
  },
  {
    "captions": "high stone church museum reverberant large dark",
    "location": "../Irs_Database_test/high_stone_church_museum_reverberant_large_dark.wav",
    "duration": 1.6
  },
  {
    "captions": "outside park courtyard grass large echo",
    "location": "../Irs_Database_test/outside_park_courtyard_grass_large_echo.wav",
    "duration": 3.08
  },
  {
    "captions": "movie-theater studio muffled large canvas",
    "location": "../Irs_Database_test/movie-theater_studio_muffled_large_canvas_4.wav",
    "duration": 0.5
  },
  {
    "captions": "outside trees grass rock forest small",
    "location": "../Irs_Database_test/outside_trees_grass_rock_forest_small_2.wav",
    "duration": 1.0
  },
  {
    "captions": "cut-stone small metallic steeple stone",
    "location": "../Irs_Database_test/cut-stone_small_metallic_steeple_stone.wav",
    "duration": 3.0
  },
  {
    "captions": "outside echo large forest",
    "location": "../Irs_Database_test/outside_echo_large_forest_4.wav",
    "duration": 1.51
  },
  {
    "captions": "high stone church museum reverberant large dark",
    "location": "../Irs_Database_test/high_stone_church_museum_reverberant_large_dark_2.wav",
    "duration": 1.8
  },
  {
    "captions": "high wood cut-stone church studio steeple large",
    "location": "../Irs_Database_test/high_wood_cut-stone_church_studio_steeple_large_3.wav",
    "duration": 1.6
  },
  {
    "captions": "amphitheater auditorium muffled canvas large",
    "location": "../Irs_Database_test/amphitheater_auditorium_muffled_canvas_large_3.wav",
    "duration": 1.4
  },
  {
    "captions": "outside park courtyard grass large",
    "location": "../Irs_Database_test/outside_park_courtyard_grass_large_2.wav",
    "duration": 2.93
  },
  {
    "captions": "outside road trees rocks passage",
    "location": "../Irs_Database_test/outside_road_trees_rocks_passage_1.wav",
    "duration": 1.0
  },
  {
    "captions": "high stone church museum reverberant large dark",
    "location": "../Irs_Database_test/high_stone_church_museum_reverberant_large_dark_4.wav",
    "duration": 1.9
  },
  {
    "captions": "high stone library church reverberant large dark",
    "location": "../Irs_Database_test/high_stone_library_church_reverberant_large_dark_4.wav",
    "duration": 1.4
  },
  {
    "captions": "high wood cut-stone church studio steeple large",
    "location": "../Irs_Database_test/high_wood_cut-stone_church_studio_steeple_large.wav",
    "duration": 1.6
  },
  {
    "captions": "outside tunnel arch stone bricks concrete",
    "location": "../Irs_Database_test/outside_tunnel_arch_stone_bricks_concrete_3.wav",
    "duration": 3.6
  },
  {
    "captions": "high wood cut-stone church arch large",
    "location": "../Irs_Database_test/high_wood_cut-stone_church_arch_large_5.wav",
    "duration": 5.2
  },
  {
    "captions": "outside tunnel arch stone bricks concrete",
    "location": "../Irs_Database_test/outside_tunnel_arch_stone_bricks_concrete.wav",
    "duration": 3.5
  },
  {
    "captions": "studio recording-booth carpet muffled small dry",
    "location": "../Irs_Database_test/studio_recording-booth_carpet_muffled_small_dry_5.wav",
    "duration": 0.4
  },
  {
    "captions": "outside mountain valley echo",
    "location": "../Irs_Database_test/outside_mountain_valley_echo_1.wav",
    "duration": 0.8
  },
  {
    "captions": "concrete dome reverberant circular",
    "location": "../Irs_Database_test/concrete_dome_reverberant_circular.wav",
    "duration": 1.6
  },
  {
    "captions": "lobby building dark large muffled",
    "location": "../Irs_Database_test/lobby_building_dark_large_muffled_3.wav",
    "duration": 3.89
  },
  {
    "captions": "high cut-stone glass church chapel reverberant large",
    "location": "../Irs_Database_test/high_cut-stone_glass_church_chapel_reverberant_large_2.wav",
    "duration": 2.7
  },
  {
    "captions": "high stone library church reverberant large dark",
    "location": "../Irs_Database_test/high_stone_library_church_reverberant_large_dark_3.wav",
    "duration": 1.2
  },
  {
    "captions": "stone dirt tunnel arch cave dark",
    "location": "../Irs_Database_test/stone_dirt_tunnel_arch_cave_dark_4.wav",
    "duration": 1.8
  },
  {
    "captions": "high stone church museum reverberant large dark",
    "location": "../Irs_Database_test/high_stone_church_museum_reverberant_large_dark_1.wav",
    "duration": 1.6
  },
  {
    "captions": "stone dirt tunnel arch cave dark",
    "location": "../Irs_Database_test/stone_dirt_tunnel_arch_cave_dark_5.wav",
    "duration": 1.2
  },
  {
    "captions": "outside park courtyard grass large echo above",
    "location": "../Irs_Database_test/outside_park_courtyard_grass_large_echo_above.wav",
    "duration": 2.24
  },
  {
    "captions": "outside mountain valley rock grass hill small cliff gorge",
    "location": "../Irs_Database_test/outside_mountain_valley_rock_grass_hill_small_cliff_gorge_1.wav",
    "duration": 0.6
  },
  {
    "captions": "movie-theater studio muffled large canvas",
    "location": "../Irs_Database_test/movie-theater_studio_muffled_large_canvas.wav",
    "duration": 0.5
  },
  {
    "captions": "outside trees forest small snow muffled",
    "location": "../Irs_Database_test/outside_trees_forest_small_snow_muffled.wav",
    "duration": 1.1
  },
  {
    "captions": "brick concrete wood auditorium amphitheater stage large very-high",
    "location": "../Irs_Database_test/brick_concrete_wood_auditorium_amphitheater_stage_large_very-high.wav",
    "duration": 1.85
  },
  {
    "captions": "brick concrete wood auditorium amphitheater stage large very-high",
    "location": "../Irs_Database_test/brick_concrete_wood_auditorium_amphitheater_stage_large_very-high_1.wav",
    "duration": 1.76
  },
  {
    "captions": "outside road trees rocks passage",
    "location": "../Irs_Database_test/outside_road_trees_rocks_passage_2.wav",
    "duration": 5.0
  },
  {
    "captions": "amphitheater auditorium muffled canvas large",
    "location": "../Irs_Database_test/amphitheater_auditorium_muffled_canvas_large_4.wav",
    "duration": 1.4
  },
  {
    "captions": "metallic compartment dark into",
    "location": "../Irs_Database_test/metallic_compartment_dark_into.wav",
    "duration": 1.0
  },
  {
    "captions": "studio recording-booth carpet muffled small dry",
    "location": "../Irs_Database_test/studio_recording-booth_carpet_muffled_small_dry_7.wav",
    "duration": 0.4
  },
  {
    "captions": "wood leather courtroom reverberant large circular",
    "location": "../Irs_Database_test/wood_leather_courtroom_reverberant_large_circular_4.wav",
    "duration": 1.0
  },
  {
    "captions": "metallic into dark hole compartment",
    "location": "../Irs_Database_test/metallic_into_dark_hole_compartment.wav",
    "duration": 1.8
  },
  {
    "captions": "high cut-stone glass church chapel reverberant large",
    "location": "../Irs_Database_test/high_cut-stone_glass_church_chapel_reverberant_large_3.wav",
    "duration": 2.5
  },
  {
    "captions": "marble wood complex lobby large circular high dark",
    "location": "../Irs_Database_test/marble_wood_complex_lobby_large_circular_high_dark_2.wav",
    "duration": 1.0
  },
  {
    "captions": "outside road trees rocks passage",
    "location": "../Irs_Database_test/outside_road_trees_rocks_passage_3.wav",
    "duration": 5.0
  },
  {
    "captions": "movie-theater studio muffled large canvas",
    "location": "../Irs_Database_test/movie-theater_studio_muffled_large_canvas_5.wav",
    "duration": 0.8
  },
  {
    "captions": "concrete dome reverberant circular",
    "location": "../Irs_Database_test/concrete_dome_reverberant_circular_1.wav",
    "duration": 1.7
  },
  {
    "captions": "wood leather courtroom reverberant large circular",
    "location": "../Irs_Database_test/wood_leather_courtroom_reverberant_large_circular_3.wav",
    "duration": 1.0
  },
  {
    "captions": "outside trees forest small snow muffled",
    "location": "../Irs_Database_test/outside_trees_forest_small_snow_muffled_4.wav",
    "duration": 0.9
  },
  {
    "captions": "cut-stone marble hall dome very-reverberant very-large high floor bright",
    "location": "../Irs_Database_test/cut-stone_marble_hall_dome_very-reverberant_very-large_high_floor_bright.wav",
    "duration": 4.8
  },
  {
    "captions": "lobby building large muffled reverberant stairwell",
    "location": "../Irs_Database_test/lobby_building_large_muffled_reverberant_stairwell.wav",
    "duration": 2.5
  },
  {
    "captions": "outside tunnel arch stone bricks concrete",
    "location": "../Irs_Database_test/outside_tunnel_arch_stone_bricks_concrete_1.wav",
    "duration": 5.0
  },
  {
    "captions": "lobby building dark large muffled",
    "location": "../Irs_Database_test/lobby_building_dark_large_muffled_1.wav",
    "duration": 3.89
  },
  {
    "captions": "stone dirt tunnel arch cave dark",
    "location": "../Irs_Database_test/stone_dirt_tunnel_arch_cave_dark_1.wav",
    "duration": 1.1
  },
  {
    "captions": "high wood cut-stone church studio steeple large",
    "location": "../Irs_Database_test/high_wood_cut-stone_church_studio_steeple_large_2.wav",
    "duration": 1.6
  },
  {
    "captions": "high stone church museum reverberant large dark",
    "location": "../Irs_Database_test/high_stone_church_museum_reverberant_large_dark_3.wav",
    "duration": 1.6
  },
  {
    "captions": "lobby building dark large muffled",
    "location": "../Irs_Database_test/lobby_building_dark_large_muffled.wav",
    "duration": 3.89
  },
  {
    "captions": "high wood cut-stone church studio steeple large",
    "location": "../Irs_Database_test/high_wood_cut-stone_church_studio_steeple_large_6.wav",
    "duration": 1.6
  },
  {
    "captions": "movie-set studio large dark",
    "location": "../Irs_Database_test/movie-set_studio_large_dark_4.wav",
    "duration": 1.1
  },
  {
    "captions": "stone tunnel small narrow dark",
    "location": "../Irs_Database_test/stone_tunnel_small_narrow_dark.wav",
    "duration": 1.0
  },
  {
    "captions": "stone rock cave tunnel small narrow high",
    "location": "../Irs_Database_test/stone_rock_cave_tunnel_small_narrow_high.wav",
    "duration": 1.2
  },
  {
    "captions": "stone dirt tunnel arch cave dark",
    "location": "../Irs_Database_test/stone_dirt_tunnel_arch_cave_dark_2.wav",
    "duration": 2.0
  }
]